Unnamed: 0,id,code_id_1,code_id_2,label,language
2748.0,2748,2141,2552,0,Java
,3293,4412,4413,1,C
2230.0,2230,2001,2013,1,Java
,3214,3221,3231,1,C
30.0,30,0,32,0,Java
1136.0,1136,1068,1153,1,Java
1872.0,1872,1408,1429,0,Java
806.0,806,303,822,0,Java
495.0,495,308,510,0,Java
1096.0,1096,1068,1113,1,Java
1813.0,1813,1408,1612,0,Java
,3916,3904,3979,1,C
2186.0,2186,1931,1968,0,Java
,3820,3824,3869,1,C
,3296,4418,4419,1,C
431.0,431,425,446,0,Java
2767.0,2767,2212,2571,0,Java
1159.0,1159,1068,1176,1,Java
,3152,3118,3163,1,C
256.0,256,199,262,1,Java
488.0,488,312,503,0,Java
529.0,529,312,544,0,Java
397.0,397,355,411,0,Java
1368.0,1368,1212,1382,0,Java
3013.0,3013,2792,2823,0,Java
,3472,3488,3499,1,C
632.0,632,306,648,0,Java
472.0,472,322,487,0,Java
,3899,3885,3961,1,C
426.0,426,306,441,0,Java
568.0,568,312,584,0,Java
161.0,161,109,165,0,Java
1849.0,1849,1408,1506,0,Java
2271.0,2271,2001,2054,0,Java
,3539,3556,3573,1,C
955.0,955,303,971,0,Java
81.0,81,0,83,0,Java
436.0,436,306,451,0,Java
2346.0,2346,2129,2130,1,Java
3016.0,3016,2792,2826,0,Java
1600.0,1600,1408,1586,0,Java
2430.0,2430,2137,2234,0,Java
318.0,318,306,330,0,Java
948.0,948,312,964,0,Java
1164.0,1164,1068,1181,1,Java
1912.0,1912,1408,1573,0,Java
3225.0,3225,2792,3035,0,Java
2924.0,2924,2669,2731,0,Java
,3957,3883,4020,1,C
2215.0,2215,1931,1997,0,Java
2607.0,2607,2168,2411,0,Java
,3134,3142,3143,1,C
,3468,3492,3493,1,C
3226.0,3226,2792,3036,0,Java
199.0,199,199,205,1,Java
2411.0,2411,2212,2213,0,Java
3084.0,3084,2792,2894,0,Java
1187.0,1187,1068,1204,1,Java
1504.0,1504,1408,1512,0,Java
3294.0,3294,2792,3104,0,Java
2504.0,2504,2179,2308,0,Java
1206.0,1206,1212,1224,0,Java
3262.0,3262,2790,3072,0,Java
1817.0,1817,1408,1521,0,Java
2797.0,2797,2162,2601,0,Java
171.0,171,109,175,0,Java
2809.0,2809,2212,2613,0,Java
,3298,4422,4423,1,C
1251.0,1251,1212,1270,1,Java
3043.0,3043,2792,2853,0,Java
963.0,963,312,979,0,Java
1208.0,1208,1212,1226,0,Java
3076.0,3076,2792,2886,0,Java
379.0,379,322,393,0,Java
,3877,3883,3938,1,C
1272.0,1272,1212,1290,0,Java
2577.0,2577,2160,2381,0,Java
862.0,862,303,878,0,Java
194.0,194,199,200,1,Java
65.0,65,4,67,0,Java
797.0,797,312,813,0,Java
,3164,3172,3178,1,C
1445.0,1445,1408,1460,0,Java
,4112,4167,4186,1,C
,4078,4141,4146,1,C
951.0,951,306,967,0,Java
2830.0,2830,2137,2634,0,Java
,4024,3896,4087,1,C
2546.0,2546,2179,2350,0,Java
,3491,3505,3520,1,C
,3832,3883,3884,1,C
101.0,101,4,104,0,Java
1553.0,1553,1408,1555,0,Java
,3936,3885,3999,1,C
1793.0,1793,1408,1715,0,Java
,3948,3904,4011,1,C
1287.0,1287,1212,1265,0,Java
392.0,392,306,406,0,Java
3056.0,3056,2792,2866,0,Java
2971.0,2971,2669,2778,0,Java
,3704,3617,3746,0,C
2840.0,2840,2644,2645,1,Java
,3927,3904,3990,1,C
2825.0,2825,2202,2629,0,Java
572.0,572,312,588,0,Java
1847.0,1847,1408,1746,0,Java
3236.0,3236,2790,3046,0,Java
682.0,682,310,698,0,Java
2944.0,2944,2669,2751,0,Java
,3898,3879,3960,1,C
2827.0,2827,2143,2631,0,Java
1256.0,1256,1212,1275,0,Java
1072.0,1072,1068,1089,1,Java
,3477,3490,3504,1,C
402.0,402,306,416,0,Java
567.0,567,308,583,1,Java
2239.0,2239,2001,2022,1,Java
2497.0,2497,2158,2301,0,Java
1117.0,1117,1068,1134,1,Java
2613.0,2613,2150,2417,1,Java
242.0,242,199,248,0,Java
,3640,3655,3682,0,C
1619.0,1619,1408,1601,0,Java
,3327,4480,4481,1,C
1282.0,1282,1212,1300,1,Java
,3770,3813,3814,1,C
,3577,3556,3612,1,C
,3774,3819,3820,1,C
2469.0,2469,2232,2273,0,Java
1984.0,1984,1408,1816,0,Java
2187.0,2187,1934,1969,0,Java
2300.0,2300,2001,2083,0,Java
1687.0,1687,1408,1644,0,Java
255.0,255,199,261,0,Java
2754.0,2754,2202,2558,0,Java
,3511,3486,3540,1,C
,4070,4105,4134,0,C
1753.0,1753,1408,1447,0,Java
,3706,3620,3748,0,C
1846.0,1846,1408,1745,0,Java
2381.0,2381,2160,2178,0,Java
2988.0,2988,2792,2797,0,Java
1737.0,1737,1408,1676,0,Java
,3372,4570,4571,1,C
,3623,3629,3665,1,C
1617.0,1617,1408,1599,0,Java
2798.0,2798,2158,2602,0,Java
909.0,909,306,925,0,Java
1390.0,1390,1402,1405,1,Java
386.0,386,312,400,0,Java
,3209,3221,3226,1,C
1505.0,1505,1408,1513,0,Java
,3362,4550,4551,1,C
3012.0,3012,2792,2822,0,Java
1482.0,1482,1408,1494,0,Java
3030.0,3030,2792,2840,0,Java
952.0,952,303,968,0,Java
687.0,687,306,703,1,Java
,3852,3904,3910,1,C
1929.0,1929,1408,1618,0,Java
1379.0,1379,1212,1393,0,Java
,3645,3620,3687,1,C
2308.0,2308,2001,2091,0,Java
400.0,400,322,414,0,Java
358.0,358,303,371,0,Java
2711.0,2711,2154,2515,0,Java
,3950,3879,4013,1,C
1150.0,1150,1068,1167,1,Java
,3292,4410,4411,1,C
2086.0,2086,1408,1596,0,Java
,3271,4368,4369,1,C
115.0,115,109,119,0,Java
1205.0,1205,1212,1223,0,Java
1447.0,1447,1408,1462,0,Java
25.0,25,0,27,0,Java
44.0,44,0,46,0,Java
2209.0,2209,1931,1991,0,Java
1011.0,1011,312,1027,0,Java
1297.0,1297,1212,1313,0,Java
,3794,3813,3843,1,C
2552.0,2552,2139,2356,0,Java
444.0,444,308,459,0,Java
393.0,393,306,407,0,Java
,4018,3881,4081,1,C
2284.0,2284,2001,2067,0,Java
2740.0,2740,2158,2544,0,Java
1326.0,1326,1212,1342,1,Java
2198.0,2198,1934,1980,1,Java
619.0,619,310,635,0,Java
134.0,134,109,138,1,Java
2980.0,2980,2669,2787,0,Java
1443.0,1443,1408,1458,0,Java
2171.0,2171,1931,1953,1,Java
1908.0,1908,1408,1433,0,Java
1777.0,1777,1408,1702,0,Java
2786.0,2786,2168,2590,0,Java
1761.0,1761,1408,1691,0,Java
69.0,69,0,71,0,Java
3115.0,3115,2792,2925,0,Java
,3234,3244,3252,1,C
,4099,4602,4603,1,C
,4097,4600,4601,1,C
,3924,3912,3987,1,C
,3380,3397,3400,1,C
2425.0,2425,2212,2228,0,Java
429.0,429,425,444,0,Java
1782.0,1782,1408,1705,0,Java
2598.0,2598,2232,2402,0,Java
384.0,384,310,398,0,Java
2998.0,2998,2792,2807,0,Java
1179.0,1179,1068,1196,1,Java
764.0,764,312,780,0,Java
553.0,553,390,569,0,Java
2277.0,2277,2001,2060,0,Java
557.0,557,306,573,0,Java
1998.0,1998,1408,1825,0,Java
2554.0,2554,2143,2358,0,Java
456.0,456,306,471,0,Java
2488.0,2488,2232,2292,0,Java
,4177,4686,4687,1,C
1556.0,1556,1408,1557,0,Java
2391.0,2391,2145,2189,0,Java
,3676,3617,3718,0,C
1822.0,1822,1408,1449,0,Java
2002.0,2002,1408,1829,0,Java
290.0,290,199,296,0,Java
1328.0,1328,1212,1344,0,Java
2333.0,2333,2001,2116,0,Java
2151.0,2151,1931,1932,1,Java
,3276,4378,4379,1,C
560.0,560,312,576,0,Java
2770.0,2770,2160,2574,0,Java
2685.0,2685,2196,2489,0,Java
,3607,3620,3648,1,C
,3303,4432,4433,1,C
2483.0,2483,2168,2287,0,Java
1931.0,1931,1408,1468,0,Java
,3681,3613,3723,1,C
2648.0,2648,2145,2452,0,Java
843.0,843,303,859,0,Java
1355.0,1355,1212,1369,0,Java
3041.0,3041,2792,2851,0,Java
,3591,3624,3631,1,C
,3373,4572,4573,1,C
,4043,4105,4107,0,C
2275.0,2275,2001,2058,1,Java
,3522,3543,3552,1,C
2683.0,2683,2168,2487,0,Java
1988.0,1988,1408,1558,0,Java
3285.0,3285,2792,3095,0,Java
814.0,814,306,830,0,Java
2262.0,2262,2001,2045,1,Java
,4183,4696,4697,1,C
1829.0,1829,1408,1736,0,Java
1151.0,1151,1068,1168,1,Java
2805.0,2805,2158,2609,0,Java
,3371,4568,4569,1,C
3222.0,3222,2792,3032,0,Java
,3751,3750,3794,1,C
,4040,3919,4103,1,C
2871.0,2871,2669,2678,0,Java
,3841,3885,3895,1,C
,4145,4642,4643,1,C
1882.0,1882,1408,1663,0,Java
2707.0,2707,2152,2511,0,Java
,3750,3750,3793,1,C
544.0,544,306,560,0,Java
412.0,412,303,427,0,Java
3072.0,3072,2792,2882,0,Java
,3684,3617,3726,0,C
597.0,597,322,613,0,Java
,3773,3813,3818,1,C
2934.0,2934,2669,2741,0,Java
545.0,545,303,561,0,Java
2821.0,2821,2158,2625,0,Java
,4005,3919,4068,1,C
1259.0,1259,1212,1219,0,Java
1345.0,1345,1212,1360,0,Java
1992.0,1992,1408,1666,0,Java
1176.0,1176,1068,1193,1,Java
582.0,582,306,598,0,Java
3058.0,3058,2792,2868,0,Java
3278.0,3278,2792,3088,0,Java
311.0,311,322,323,0,Java
1079.0,1079,1068,1096,1,Java
,3418,3416,3439,0,C
,3695,3617,3737,0,C
1669.0,1669,1408,1631,0,Java
,3822,3813,3871,1,C
525.0,525,312,540,0,Java
1980.0,1980,1408,1616,0,Java
,3184,4290,4291,1,C
2009.0,2009,1408,1832,0,Java
258.0,258,199,264,0,Java
,3966,3904,4029,1,C
2931.0,2931,2669,2738,0,Java
1503.0,1503,1408,1511,0,Java
2208.0,2208,1931,1990,0,Java
517.0,517,306,532,0,Java
445.0,445,306,460,0,Java
1659.0,1659,1408,1625,1,Java
2172.0,2172,1931,1954,0,Java
,3426,3416,3447,1,C
,3797,3813,3846,1,C
2255.0,2255,2001,2038,0,Java
2640.0,2640,2212,2444,0,Java
,3124,3130,3131,1,C
1253.0,1253,1212,1272,0,Java
1658.0,1658,1408,1616,0,Java
929.0,929,306,945,0,Java
2385.0,2385,2137,2183,0,Java
350.0,350,312,363,0,Java
98.0,98,0,101,0,Java
2148.0,2148,1884,1928,1,Java
1722.0,1722,1408,1664,0,Java
2768.0,2768,2139,2572,0,Java
,3746,3750,3789,1,C
,3425,3416,3446,0,C
2884.0,2884,2669,2691,0,Java
1704.0,1704,1408,1465,0,Java
,3724,3750,3767,0,C
,3151,3112,3162,1,C
2322.0,2322,2001,2105,0,Java
,3235,3244,3253,1,C
3231.0,3231,2792,3041,0,Java
,3939,3952,4002,1,C
,3290,4406,4407,1,C
1519.0,1519,1408,1526,0,Java
2405.0,2405,2137,2206,0,Java
1736.0,1736,1408,1675,0,Java
3023.0,3023,2790,2833,1,Java
383.0,383,306,397,0,Java
49.0,49,4,51,0,Java
2428.0,2428,2162,2231,0,Java
,3559,3556,3594,1,C
,3247,4320,4321,1,C
992.0,992,303,1008,0,Java
2169.0,2169,1934,1951,0,Java
2886.0,2886,2669,2693,0,Java
2481.0,2481,2158,2285,0,Java
133.0,133,109,137,0,Java
1713.0,1713,1408,1424,0,Java
209.0,209,199,215,0,Java
260.0,260,199,266,0,Java
2256.0,2256,2001,2039,0,Java
3300.0,3300,2790,3110,1,Java
1871.0,1871,1408,1763,1,Java
2364.0,2364,2148,2157,0,Java
1467.0,1467,1408,1481,0,Java
243.0,243,199,249,1,Java
,4162,4656,4657,1,C
1560.0,1560,1408,1560,0,Java
,4032,3904,4095,1,C
3032.0,3032,2792,2842,0,Java
2163.0,2163,1931,1945,0,Java
2021.0,2021,1408,1839,0,Java
1540.0,1540,1408,1544,0,Java
,3526,3558,3559,1,C
,3883,3904,3944,1,C
1816.0,1816,1408,1522,0,Java
2464.0,2464,2152,2268,0,Java
,3497,3486,3526,1,C
2033.0,2033,1408,1844,0,Java
3047.0,3047,2792,2857,0,Java
608.0,608,312,624,0,Java
500.0,500,312,515,0,Java
212.0,212,199,218,0,Java
2928.0,2928,2669,2735,0,Java
,4190,4272,4274,1,C
1977.0,1977,1408,1812,0,Java
1874.0,1874,1408,1604,0,Java
1116.0,1116,1068,1133,1,Java
2702.0,2702,2145,2506,0,Java
757.0,757,312,773,0,Java
3265.0,3265,2792,3075,0,Java
2730.0,2730,2202,2534,0,Java
2111.0,2111,1884,1891,1,Java
2110.0,2110,1884,1890,1,Java
3196.0,3196,2790,3006,0,Java
912.0,912,303,928,0,Java
1332.0,1332,1212,1348,0,Java
1634.0,1634,1408,1608,0,Java
599.0,599,306,615,0,Java
,3900,3896,3962,1,C
,3876,3904,3937,1,C
1784.0,1784,1408,1423,0,Java
1327.0,1327,1212,1343,0,Java
941.0,941,303,957,0,Java
38.0,38,0,40,0,Java
1644.0,1644,1408,1581,0,Java
,3941,3904,4004,1,C
924.0,924,306,940,1,Java
309.0,309,312,320,0,Java
2631.0,2631,2193,2435,0,Java
2132.0,2132,1884,1912,1,Java
2028.0,2028,1408,1515,0,Java
1699.0,1699,1408,1633,0,Java
1716.0,1716,1408,1661,0,Java
784.0,784,306,800,0,Java
102.0,102,4,105,0,Java
1887.0,1887,1408,1767,0,Java
571.0,571,310,587,0,Java
585.0,585,306,601,0,Java
2834.0,2834,2152,2638,0,Java
,3969,3904,4032,1,C
,3143,3118,3154,1,C
1094.0,1094,1068,1111,1,Java
,3629,3617,3671,1,C
674.0,674,303,690,0,Java
1373.0,1373,1212,1387,1,Java
833.0,833,306,849,0,Java
1665.0,1665,1408,1524,0,Java
1406.0,1406,1408,1422,0,Java
1959.0,1959,1408,1485,0,Java
801.0,801,312,817,0,Java
1386.0,1386,1212,1400,0,Java
2782.0,2782,2168,2586,0,Java
1788.0,1788,1408,1710,0,Java
2070.0,2070,1408,1860,0,Java
2820.0,2820,2212,2624,0,Java
,3710,3750,3753,1,C
1987.0,1987,1408,1549,0,Java
1527.0,1527,1408,1532,0,Java
,3517,3543,3547,1,C
2742.0,2742,2148,2546,0,Java
725.0,725,312,741,0,Java
2029.0,2029,1408,1842,0,Java
2967.0,2967,2669,2774,0,Java
3119.0,3119,2792,2929,0,Java
1120.0,1120,1068,1137,1,Java
447.0,447,308,462,0,Java
1402.0,1402,1408,1418,0,Java
505.0,505,390,520,0,Java
1344.0,1344,1212,1359,0,Java
3075.0,3075,2790,2885,0,Java
1493.0,1493,1408,1455,0,Java
55.0,55,0,57,0,Java
1855.0,1855,1408,1498,0,Java
2045.0,2045,1408,1850,0,Java
1590.0,1590,1408,1580,0,Java
245.0,245,199,251,1,Java
,3200,3175,3216,1,C
876.0,876,312,892,0,Java
2200.0,2200,1931,1982,0,Java
3001.0,3001,2790,2810,0,Java
435.0,435,303,450,0,Java
,4084,4150,4154,1,C
1888.0,1888,1408,1768,0,Java
2812.0,2812,2141,2616,0,Java
,3400,3416,3421,1,C
2513.0,2513,2202,2317,0,Java
1993.0,1993,1408,1627,0,Java
,4125,4156,4200,1,C
83.0,83,0,86,0,Java
,4189,4272,4273,1,C
726.0,726,306,742,0,Java
481.0,481,355,496,0,Java
,3255,4336,4337,1,C
1165.0,1165,1068,1182,1,Java
1026.0,1026,306,1042,0,Java
,3887,3879,3948,1,C
,3273,4372,4373,1,C
,3994,3883,4057,1,C
47.0,47,0,49,0,Java
1242.0,1242,1212,1261,0,Java
147.0,147,109,151,0,Java
,3227,3244,3245,1,C
3045.0,3045,2792,2855,0,Java
911.0,911,306,927,0,Java
252.0,252,199,258,0,Java
303.0,303,303,314,0,Java
165.0,165,109,169,0,Java
2632.0,2632,2137,2436,0,Java
,3448,3416,3469,0,C
3160.0,3160,2792,2970,0,Java
703.0,703,303,719,0,Java
762.0,762,306,778,0,Java
112.0,112,109,116,0,Java
3227.0,3227,2790,3037,0,Java
,4196,4272,4280,1,C
1401.0,1401,1408,1417,0,Java
,3179,3172,3194,0,C
822.0,822,303,838,0,Java
,3561,3554,3596,1,C
428.0,428,306,443,0,Java
2558.0,2558,2232,2362,0,Java
2494.0,2494,2202,2298,0,Java
,3562,3554,3597,1,C
2589.0,2589,2162,2393,0,Java
1038.0,1038,306,1054,0,Java
2183.0,2183,1931,1965,1,Java
,4012,3883,4075,1,C
900.0,900,303,916,0,Java
498.0,498,303,513,0,Java
,3381,3397,3401,1,C
1233.0,1233,1251,1252,0,Java
2511.0,2511,2137,2315,0,Java
,3823,3822,3872,1,C
2875.0,2875,2669,2682,0,Java
2289.0,2289,2001,2072,0,Java
,3117,3118,3121,1,C
,3760,3750,3803,0,C
,3548,3560,3583,1,C
2205.0,2205,1931,1987,0,Java
2123.0,2123,1884,1903,1,Java
735.0,735,306,751,0,Java
,3982,3896,4045,1,C
970.0,970,303,986,0,Java
,3386,3397,3406,1,C
,3133,3112,3141,1,C
1694.0,1694,1408,1484,0,Java
1023.0,1023,306,1039,0,Java
3114.0,3114,2792,2924,0,Java
1787.0,1787,1408,1709,0,Java
688.0,688,322,704,1,Java
2975.0,2975,2669,2782,0,Java
1466.0,1466,1408,1480,0,Java
,3519,3543,3549,1,C
,3566,3556,3601,0,C
263.0,263,199,269,0,Java
288.0,288,199,294,1,Java
,3383,3397,3403,1,C
,3493,3492,3522,1,C
727.0,727,306,743,0,Java
1237.0,1237,1212,1256,0,Java
,3875,3904,3936,1,C
176.0,176,179,181,1,Java
2712.0,2712,2154,2516,0,Java
3214.0,3214,2792,3024,0,Java
2007.0,2007,1408,1515,0,Java
663.0,663,306,679,0,Java
,4075,4141,4142,1,C
928.0,928,306,944,0,Java
,3207,3221,3224,1,C
761.0,761,355,777,0,Java
993.0,993,306,1009,0,Java
2686.0,2686,2162,2490,0,Java
2008.0,2008,1408,1443,0,Java
,3819,3824,3868,1,C
2520.0,2520,2152,2324,0,Java
,3651,3629,3693,0,C
1080.0,1080,1068,1097,1,Java
2568.0,2568,2152,2372,0,Java
1641.0,1641,1408,1612,0,Java
2089.0,2089,1408,1870,0,Java
,4152,4150,4227,1,C
,4148,4141,4223,1,C
,4092,4596,4597,1,C
399.0,399,306,413,0,Java
2593.0,2593,2219,2397,0,Java
917.0,917,303,933,1,Java
,3920,3879,3983,1,C
,4062,4105,4126,0,C
3027.0,3027,2792,2837,0,Java
,3301,4428,4429,1,C
3186.0,3186,2792,2996,0,Java
2585.0,2585,2154,2389,0,Java
2957.0,2957,2669,2764,0,Java
1828.0,1828,1408,1735,1,Java
2787.0,2787,2193,2591,0,Java
404.0,404,312,418,0,Java
1024.0,1024,312,1040,0,Java
1459.0,1459,1408,1474,0,Java
1869.0,1869,1408,1762,0,Java
129.0,129,109,133,0,Java
798.0,798,322,814,0,Java
,3946,3883,4009,1,C
885.0,885,306,901,0,Java
508.0,508,306,523,0,Java
2941.0,2941,2669,2748,0,Java
2158.0,2158,1931,1940,0,Java
2196.0,2196,1931,1978,0,Java
,3506,3496,3535,1,C
2332.0,2332,2001,2115,0,Java
2738.0,2738,2160,2542,0,Java
2903.0,2903,2669,2710,0,Java
,3345,4516,4517,1,C
1837.0,1837,1408,1740,0,Java
2559.0,2559,2232,2363,0,Java
,3661,3620,3703,0,C
2695.0,2695,2139,2499,0,Java
348.0,348,306,361,0,Java
1068.0,1068,1068,1085,1,Java
691.0,691,308,707,0,Java
66.0,66,4,68,0,Java
,3742,3750,3785,1,C
61.0,61,0,63,0,Java
1050.0,1050,306,1066,0,Java
847.0,847,312,863,0,Java
1276.0,1276,1212,1294,1,Java
1131.0,1131,1068,1148,1,Java
1061.0,1061,1068,1078,1,Java
,3690,3613,3732,0,C
1248.0,1248,1212,1267,1,Java
2446.0,2446,2139,2250,0,Java
137.0,137,109,141,1,Java
830.0,830,310,846,0,Java
2424.0,2424,2145,2227,0,Java
1798.0,1798,1408,1719,0,Java
2480.0,2480,2145,2284,0,Java
1396.0,1396,1408,1412,0,Java
705.0,705,390,721,0,Java
,3871,3879,3931,1,C
2851.0,2851,2644,2656,1,Java
1019.0,1019,303,1035,0,Java
2170.0,2170,1931,1952,0,Java
,3627,3638,3669,0,C
3126.0,3126,2792,2936,0,Java
2297.0,2297,2001,2080,0,Java
,3478,3505,3506,1,C
1759.0,1759,1408,1690,1,Java
1225.0,1225,1212,1243,0,Java
3022.0,3022,2790,2832,0,Java
,3223,3221,3240,0,C
1956.0,1956,1408,1457,0,Java
2618.0,2618,2232,2422,0,Java
1189.0,1189,1068,1206,1,Java
,3798,3813,3847,1,C
824.0,824,355,840,0,Java
657.0,657,306,673,0,Java
2184.0,2184,1931,1966,0,Java
1333.0,1333,1212,1349,0,Java
2345.0,2345,2001,2128,0,Java
125.0,125,109,129,1,Java
2572.0,2572,2145,2376,0,Java
,3572,3556,3607,1,C
,3923,3879,3986,1,C
381.0,381,322,395,0,Java
3240.0,3240,2792,3050,0,Java
330.0,330,322,342,0,Java
546.0,546,322,562,0,Java
826.0,826,306,842,0,Java
1097.0,1097,1068,1114,1,Java
1369.0,1369,1212,1383,0,Java
1195.0,1195,1212,1213,0,Java
1997.0,1997,1408,1824,0,Java
,4188,4706,4707,1,C
1657.0,1657,1408,1624,1,Java
,4004,3879,4067,1,C
3082.0,3082,2790,2892,0,Java
2600.0,2600,2152,2404,0,Java
377.0,377,390,391,0,Java
,3582,3617,3619,0,C
1161.0,1161,1068,1178,1,Java
,3130,3114,3138,1,C
492.0,492,322,507,0,Java
1066.0,1066,1068,1083,1,Java
2999.0,2999,2792,2808,0,Java
1703.0,1703,1408,1652,0,Java
1162.0,1162,1068,1179,1,Java
,3515,3543,3545,1,C
1796.0,1796,1408,1711,0,Java
,3753,3750,3796,1,C
174.0,174,109,178,0,Java
,3888,3879,3949,1,C
1978.0,1978,1408,1813,0,Java
1545.0,1545,1408,1506,0,Java
419.0,419,308,434,0,Java
,4044,4105,4108,0,C
,3790,3824,3839,1,C
,3162,3175,3176,1,C
1861.0,1861,1408,1754,0,Java
14.0,14,0,16,1,Java
1247.0,1247,1212,1266,0,Java
2614.0,2614,2196,2418,0,Java
,3309,4444,4445,1,C
,4073,4582,4583,1,C
231.0,231,199,237,1,Java
753.0,753,306,769,0,Java
2750.0,2750,2152,2554,1,Java
1405.0,1405,1408,1421,0,Java
,4094,4139,4166,1,C
,4000,3919,4063,1,C
,4059,4105,4123,0,C
1558.0,1558,1408,1508,0,Java
1691.0,1691,1408,1450,0,Java
1090.0,1090,1068,1107,1,Java
1008.0,1008,306,1024,0,Java
42.0,42,0,44,0,Java
,3538,3556,3572,1,C
,3723,3750,3766,1,C
480.0,480,306,495,0,Java
1607.0,1607,1408,1435,0,Java
120.0,120,109,124,1,Java
2420.0,2420,2193,2223,0,Java
3157.0,3157,2790,2967,0,Java
743.0,743,312,759,0,Java
,3699,3613,3741,1,C
203.0,203,199,209,1,Java
3269.0,3269,2792,3079,0,Java
1372.0,1372,1251,1386,0,Java
2431.0,2431,2152,2235,0,Java
,4144,4150,4219,1,C
264.0,264,199,270,0,Java
,3793,3815,3842,1,C
1738.0,1738,1408,1677,0,Java
3108.0,3108,2792,2918,0,Java
,3382,3397,3402,1,C
1839.0,1839,1408,1742,0,Java
1032.0,1032,306,1048,0,Java
1554.0,1554,1408,1529,0,Java
1047.0,1047,308,1063,0,Java
,3963,3952,4026,1,C
1262.0,1262,1212,1280,0,Java
1387.0,1387,1212,1401,0,Java
3263.0,3263,2792,3073,0,Java
1630.0,1630,1408,1605,0,Java
453.0,453,306,468,0,Java
1036.0,1036,322,1052,0,Java
815.0,815,310,831,0,Java
1809.0,1809,1408,1726,0,Java
3183.0,3183,2792,2993,0,Java
474.0,474,306,489,0,Java
694.0,694,306,710,0,Java
575.0,575,306,591,0,Java
3007.0,3007,2792,2817,0,Java
,3654,3638,3696,0,C
,3505,3488,3534,1,C
359.0,359,355,372,0,Java
2166.0,2166,1931,1948,0,Java
3094.0,3094,2792,2904,0,Java
1932.0,1932,1408,1792,0,Java
2533.0,2533,2143,2337,0,Java
1364.0,1364,1212,1378,0,Java
3289.0,3289,2792,3099,0,Java
1640.0,1640,1408,1478,0,Java
2150.0,2150,1884,1930,1,Java
2352.0,2352,2129,2136,1,Java
117.0,117,109,121,0,Java
2550.0,2550,2152,2354,0,Java
2576.0,2576,2150,2380,0,Java
1893.0,1893,1408,1769,0,Java
749.0,749,312,765,0,Java
,4069,4105,4133,0,C
,4015,3879,4078,1,C
614.0,614,308,630,0,Java
2329.0,2329,2001,2112,0,Java
2510.0,2510,2137,2314,0,Java
3200.0,3200,2792,3010,0,Java
2974.0,2974,2669,2781,0,Java
1289.0,1289,1212,1305,0,Java
2706.0,2706,2212,2510,0,Java
1215.0,1215,1212,1233,0,Java
2841.0,2841,2644,2646,1,Java
1506.0,1506,1408,1514,0,Java
672.0,672,312,688,0,Java
1686.0,1686,1408,1433,0,Java
2003.0,2003,1408,1425,0,Java
,3635,3613,3677,0,C
,3366,4558,4559,1,C
321.0,321,306,333,0,Java
565.0,565,306,581,0,Java
1296.0,1296,1212,1312,0,Java
3070.0,3070,2792,2880,0,Java
,3289,4404,4405,1,C
2468.0,2468,2160,2272,0,Java
,3683,3613,3725,0,C
2218.0,2218,1931,2000,0,Java
1525.0,1525,1408,1530,0,Java
2912.0,2912,2669,2719,0,Java
2404.0,2404,2137,2205,0,Java
1579.0,1579,1408,1551,0,Java
2664.0,2664,2219,2468,0,Java
2675.0,2675,2160,2479,0,Java
1132.0,1132,1068,1149,1,Java
,3196,3175,3211,1,C
3033.0,3033,2792,2843,0,Java
,4091,4594,4595,1,C
1093.0,1093,1068,1110,1,Java
23.0,23,0,25,0,Java
2237.0,2237,2001,2020,0,Java
417.0,417,355,432,0,Java
3024.0,3024,2813,2834,0,Java
3092.0,3092,2792,2902,0,Java
2100.0,2100,1874,1879,1,Java
,4182,4694,4695,1,C
2493.0,2493,2160,2297,0,Java
2964.0,2964,2669,2771,0,Java
2432.0,2432,2212,2236,0,Java
1284.0,1284,1212,1302,0,Java
938.0,938,306,954,0,Java
2650.0,2650,2150,2454,0,Java
233.0,233,199,239,1,Java
2894.0,2894,2669,2701,0,Java
584.0,584,303,600,0,Java
3203.0,3203,2792,3013,0,Java
,4114,4188,4189,1,C
2565.0,2565,2219,2369,0,Java
1239.0,1239,1212,1258,0,Java
1778.0,1778,1408,1703,0,Java
,3275,4376,4377,1,C
3207.0,3207,2813,3017,0,Java
1680.0,1680,1408,1555,0,Java
204.0,204,199,210,0,Java
2688.0,2688,2137,2492,0,Java
,3384,3397,3404,1,C
1889.0,1889,1408,1711,0,Java
,3653,3620,3695,0,C
197.0,197,199,203,0,Java
1147.0,1147,1068,1164,1,Java
3256.0,3256,2790,3066,0,Java
1316.0,1316,1212,1332,0,Java
,3494,3490,3523,1,C
,3792,3813,3841,1,C
,3766,3750,3809,1,C
2904.0,2904,2669,2711,0,Java
37.0,37,4,39,1,Java
,3147,3112,3158,1,C
2739.0,2739,2160,2543,0,Java
2566.0,2566,2196,2370,0,Java
,3945,3890,4008,1,C
,3353,4532,4533,1,C
724.0,724,312,740,0,Java
2763.0,2763,2154,2567,0,Java
2724.0,2724,2193,2528,0,Java
,3463,3416,3484,1,C
188.0,188,179,193,1,Java
,4166,4664,4665,1,C
,3258,4342,4343,1,C
580.0,580,355,596,0,Java
897.0,897,303,913,0,Java
1927.0,1927,1408,1557,0,Java
,3617,3617,3659,0,C
,3342,4510,4511,1,C
1789.0,1789,1408,1711,0,Java
2443.0,2443,2154,2247,0,Java
1524.0,1524,1408,1529,0,Java
339.0,339,310,351,0,Java
1500.0,1500,1408,1508,0,Java
2199.0,2199,1931,1981,0,Java
305.0,305,308,316,0,Java
2042.0,2042,1408,1848,0,Java
2599.0,2599,2152,2403,0,Java
775.0,775,312,791,0,Java
1677.0,1677,1408,1559,0,Java
2807.0,2807,2202,2611,0,Java
154.0,154,109,158,1,Java
3088.0,3088,2792,2898,0,Java
,3536,3554,3570,1,C
3279.0,3279,2792,3089,0,Java
,3364,4554,4555,1,C
2775.0,2775,2141,2579,0,Java
1175.0,1175,1068,1192,1,Java
,3480,3494,3508,1,C
2286.0,2286,2001,2069,0,Java
,4113,4612,4613,1,C
2161.0,2161,1931,1943,0,Java
681.0,681,355,697,0,Java
220.0,220,199,226,0,Java
2015.0,2015,1408,1835,0,Java
1457.0,1457,1408,1472,0,Java
1122.0,1122,1068,1139,1,Java
2075.0,2075,1408,1718,0,Java
3066.0,3066,2792,2876,0,Java
2082.0,2082,1408,1593,0,Java
,4142,4156,4217,1,C
763.0,763,306,779,0,Java
829.0,829,312,845,0,Java
3004.0,3004,2813,2814,1,Java
3213.0,3213,2792,3023,1,Java
2679.0,2679,2137,2483,0,Java
2665.0,2665,2150,2469,0,Java
67.0,67,4,69,0,Java
,3191,3172,3206,0,C
3134.0,3134,2792,2944,0,Java
945.0,945,545,961,0,Java
,3807,3830,3856,1,C
2766.0,2766,2137,2570,0,Java
3230.0,3230,2792,3040,0,Java
2899.0,2899,2669,2706,0,Java
2125.0,2125,1884,1905,1,Java
2718.0,2718,2148,2522,0,Java
,4197,4272,4281,1,C
1266.0,1266,1212,1284,0,Java
1578.0,1578,1408,1432,0,Java
1280.0,1280,1212,1298,0,Java
,3764,3750,3807,1,C
965.0,965,355,981,0,Java
,3850,3883,3907,1,C
3271.0,3271,2792,3081,0,Java
1612.0,1612,1408,1594,0,Java
2913.0,2913,2669,2720,0,Java
1481.0,1481,1408,1493,1,Java
1427.0,1427,1408,1443,0,Java
1751.0,1751,1408,1686,0,Java
2867.0,2867,2669,2674,1,Java
2923.0,2923,2669,2730,0,Java
,3575,3558,3610,1,C
788.0,788,312,804,0,Java
,3570,3556,3605,0,C
803.0,803,355,819,0,Java
1719.0,1719,1408,1662,0,Java
,3583,3620,3621,0,C
2545.0,2545,2143,2349,0,Java
570.0,570,312,586,1,Java
,3587,3620,3626,1,C
3180.0,3180,2792,2990,0,Java
2055.0,2055,1408,1853,0,Java
219.0,219,199,225,0,Java
1549.0,1549,1408,1552,0,Java
380.0,380,308,394,0,Java
,3809,3815,3858,1,C
1382.0,1382,1212,1396,1,Java
,3167,3172,3182,0,C
,3636,3617,3678,0,C
1510.0,1510,1408,1518,0,Java
,3745,3750,3788,1,C
1944.0,1944,1408,1797,0,Java
,3346,4518,4519,1,C
479.0,479,312,494,0,Java
738.0,738,303,754,1,Java
2117.0,2117,1884,1897,1,Java
894.0,894,312,910,0,Java
100.0,100,0,103,0,Java
1747.0,1747,1408,1653,1,Java
2737.0,2737,2152,2541,0,Java
246.0,246,199,252,0,Java
18.0,18,0,20,0,Java
1469.0,1469,1408,1483,0,Java
,3670,3613,3712,1,C
611.0,611,310,627,0,Java
1950.0,1950,1408,1799,0,Java
2233.0,2233,2001,2016,0,Java
257.0,257,199,263,0,Java
3261.0,3261,2792,3071,0,Java
415.0,415,312,430,0,Java
771.0,771,312,787,0,Java
1371.0,1371,1212,1385,0,Java
141.0,141,109,145,0,Java
3035.0,3035,2792,2845,0,Java
,3324,4474,4475,1,C
,4107,4156,4181,1,C
92.0,92,0,95,0,Java
223.0,223,199,229,0,Java
,3263,4352,4353,1,C
666.0,666,322,682,0,Java
,3475,3490,3502,1,C
1862.0,1862,1408,1755,0,Java
2063.0,2063,1408,1772,0,Java
3171.0,3171,2790,2981,0,Java
865.0,865,306,881,0,Java
,4050,4105,4114,0,C
,3186,3172,3201,0,C
1264.0,1264,1212,1282,0,Java
1071.0,1071,1068,1088,1,Java
1257.0,1257,1212,1276,0,Java
816.0,816,312,832,0,Java
,3857,3890,3916,1,C
2609.0,2609,2212,2413,0,Java
,3189,4292,4293,1,C
1376.0,1376,1212,1390,0,Java
1697.0,1697,1408,1650,0,Java
,3146,3118,3157,1,C
,3574,3556,3609,1,C
,3658,3617,3700,1,C
470.0,470,312,485,0,Java
3143.0,3143,2790,2953,0,Java
1302.0,1302,1212,1318,0,Java
527.0,527,306,542,0,Java
916.0,916,306,932,0,Java
716.0,716,322,732,0,Java
,4159,4650,4651,1,C
3296.0,3296,2792,3106,0,Java
,3652,3617,3694,0,C
,4016,3879,4079,1,C
740.0,740,312,756,0,Java
773.0,773,303,789,0,Java
298.0,298,303,305,1,Java
,3634,3617,3676,0,C
1354.0,1354,1212,1236,0,Java
625.0,625,303,641,0,Java
692.0,692,303,708,0,Java
1588.0,1588,1408,1578,0,Java
,3206,3221,3223,1,C
,3492,3492,3521,1,C
2701.0,2701,2143,2505,0,Java
2340.0,2340,2001,2123,1,Java
33.0,33,0,35,0,Java
,3201,3175,3217,1,C
2263.0,2263,2001,2046,1,Java
2658.0,2658,2193,2462,0,Java
1648.0,1648,1408,1552,0,Java
1222.0,1222,1212,1240,0,Java
,3341,4508,4509,1,C
2756.0,2756,2232,2560,0,Java
,3718,3750,3761,1,C
,3157,3147,3169,1,C
123.0,123,109,127,0,Java
781.0,781,312,797,0,Java
3291.0,3291,2792,3101,0,Java
,3649,3620,3691,0,C
2772.0,2772,2193,2576,0,Java
,3976,3883,4039,1,C
3178.0,3178,2790,2988,0,Java
3039.0,3039,2790,2849,0,Java
2584.0,2584,2145,2388,0,Java
2087.0,2087,1408,1710,0,Java
2514.0,2514,2168,2318,0,Java
,3586,3624,3625,1,C
138.0,138,109,142,1,Java
278.0,278,199,284,0,Java
95.0,95,4,98,1,Java
2478.0,2478,2150,2282,0,Java
,3316,4458,4459,1,C
,3413,3416,3434,0,C
1576.0,1576,1408,1571,0,Java
1342.0,1342,1212,1219,0,Java
71.0,71,0,73,1,Java
2932.0,2932,2669,2739,0,Java
2491.0,2491,2150,2295,0,Java
2588.0,2588,2137,2392,0,Java
193.0,193,179,198,1,Java
1058.0,1058,1068,1075,1,Java
2799.0,2799,2202,2603,1,Java
2174.0,2174,1931,1956,0,Java
1224.0,1224,1212,1242,1,Java
734.0,734,308,750,0,Java
347.0,347,306,360,0,Java
,3160,3172,3173,1,C
3177.0,3177,2792,2987,0,Java
1605.0,1605,1408,1589,0,Java
1805.0,1805,1408,1723,0,Java
2064.0,2064,1408,1855,1,Java
,3926,3912,3989,1,C
,3319,4464,4465,1,C
,3479,3486,3507,1,C
2522.0,2522,2179,2326,0,Java
,3132,3130,3140,1,C
1101.0,1101,1068,1118,1,Java
,3691,3638,3733,0,C
,3171,4286,4287,1,C
,4064,4105,4128,0,C
844.0,844,306,860,0,Java
2078.0,2078,1408,1772,0,Java
2779.0,2779,2219,2583,0,Java
,3498,3492,3527,1,C
2993.0,2993,2790,2802,0,Java
656.0,656,312,672,0,Java
1035.0,1035,306,1051,0,Java
2755.0,2755,2193,2559,0,Java
1203.0,1203,1212,1221,0,Java
,3965,3885,4028,1,C
,3921,3904,3984,1,C
2630.0,2630,2148,2434,0,Java
,3172,3175,3187,0,C
2861.0,2861,2659,2667,1,Java
2696.0,2696,2148,2500,0,Java
,3616,3613,3658,1,C
3089.0,3089,2813,2899,0,Java
2392.0,2392,2143,2190,0,Java
,3416,3416,3437,0,C
1740.0,1740,1408,1678,0,Java
2644.0,2644,2219,2448,0,Java
1340.0,1340,1212,1356,0,Java
,3717,3750,3760,1,C
3250.0,3250,2792,3060,0,Java
,3787,3830,3836,1,C
3184.0,3184,2792,2994,0,Java
2380.0,2380,2152,2177,0,Java
2225.0,2225,2001,2008,0,Java
827.0,827,310,843,0,Java
,3236,4298,4299,1,C
,3304,4434,4435,1,C
1486.0,1486,1408,1497,0,Java
2636.0,2636,2139,2440,0,Java
2131.0,2131,1884,1911,1,Java
,4074,4139,4140,1,C
2561.0,2561,2143,2365,0,Java
2441.0,2441,2202,2245,0,Java
1383.0,1383,1212,1397,1,Java
991.0,991,306,1007,0,Java
1018.0,1018,312,1034,0,Java
3052.0,3052,2792,2862,0,Java
1431.0,1431,1408,1447,0,Java
306.0,306,306,317,0,Java
1456.0,1456,1408,1471,0,Java
3061.0,3061,2792,2871,0,Java
1886.0,1886,1408,1477,0,Java
,3631,3624,3673,0,C
2500.0,2500,2141,2304,0,Java
1319.0,1319,1212,1335,0,Java
817.0,817,312,833,0,Java
,4146,4147,4221,1,C
2857.0,2857,2659,2663,1,Java
1043.0,1043,306,1059,0,Java
2575.0,2575,2179,2379,0,Java
2519.0,2519,2202,2323,0,Java
590.0,590,312,606,0,Java
,3310,4446,4447,1,C
1748.0,1748,1408,1683,0,Java
1487.0,1487,1408,1498,0,Java
,3169,3175,3184,1,C
,3682,3617,3724,1,C
3165.0,3165,2792,2975,0,Java
1907.0,1907,1408,1542,0,Java
,3122,3114,3127,1,C
531.0,531,312,547,0,Java
2808.0,2808,2232,2612,0,Java
1696.0,1696,1408,1649,0,Java
,4130,4630,4631,1,C
2976.0,2976,2669,2783,0,Java
294.0,294,199,300,0,Java
606.0,606,308,622,0,Java
,4198,4272,4282,1,C
,4117,4614,4615,1,C
,3892,3879,3954,1,C
1555.0,1555,1408,1556,0,Java
1240.0,1240,1212,1259,0,Java
,3113,3114,3115,1,C
2515.0,2515,2162,2319,0,Java
2508.0,2508,2162,2312,0,Java
,3743,3750,3786,0,C
1756.0,1756,1408,1688,1,Java
2147.0,2147,1884,1927,1,Java
1408.0,1408,1408,1424,0,Java
,3928,3904,3991,1,C
1454.0,1454,1408,1469,0,Java
,4186,4702,4703,1,C
,3767,3750,3810,1,C
,3244,4314,4315,1,C
,3529,3556,3563,0,C
1444.0,1444,1408,1459,0,Java
,3464,3416,3485,1,C
,3955,3879,4018,1,C
1017.0,1017,312,1033,0,Java
1570.0,1570,1408,1568,1,Java
,3466,3488,3489,1,C
,3451,3416,3472,0,C
,3738,3750,3781,0,C
2587.0,2587,2158,2391,0,Java
195.0,195,199,201,0,Java
3080.0,3080,2813,2890,0,Java
3194.0,3194,2790,3004,0,Java
,3185,3175,3200,1,C
,3672,3638,3714,0,C
670.0,670,303,686,0,Java
1126.0,1126,1068,1143,1,Java
2043.0,2043,1408,1849,0,Java
2454.0,2454,2148,2258,0,Java
1421.0,1421,1408,1437,0,Java
515.0,515,310,530,0,Java
1.0,1,0,2,0,Java
,3228,3244,3246,1,C
,3370,4566,4567,1,C
851.0,851,355,867,0,Java
2367.0,2367,2162,2163,0,Java
,3547,3560,3582,0,C
3154.0,3154,2792,2964,0,Java
1258.0,1258,1212,1277,0,Java
1760.0,1760,1408,1575,0,Java
2549.0,2549,2160,2353,0,Java
1281.0,1281,1212,1299,0,Java
2146.0,2146,1884,1926,1,Java
1348.0,1348,1212,1363,0,Java
75.0,75,0,77,0,Java
2181.0,2181,1931,1963,0,Java
1712.0,1712,1408,1658,0,Java
1134.0,1134,1068,1151,1,Java
2206.0,2206,1931,1988,0,Java
1085.0,1085,1068,1102,1,Java
858.0,858,312,874,1,Java
3107.0,3107,2813,2917,0,Java
707.0,707,303,723,0,Java
,3625,3620,3667,0,C
2394.0,2394,2141,2192,0,Java
2762.0,2762,2179,2566,0,Java
,3204,4296,4297,1,C
2427.0,2427,2196,2230,0,Java
634.0,634,303,650,0,Java
1007.0,1007,306,1023,0,Java
3077.0,3077,2792,2887,0,Java
1780.0,1780,1408,1577,0,Java
2288.0,2288,2001,2071,0,Java
1167.0,1167,1068,1184,1,Java
1723.0,1723,1408,1665,0,Java
,3221,3221,3238,1,C
,3403,3416,3424,1,C
2813.0,2813,2148,2617,0,Java
2817.0,2817,2158,2621,0,Java
1972.0,1972,1408,1756,0,Java
,3302,4430,4431,1,C
2506.0,2506,2137,2310,0,Java
2776.0,2776,2154,2580,0,Java
,3139,3142,3149,1,C
1435.0,1435,1408,1451,0,Java
1181.0,1181,1068,1198,1,Java
3053.0,3053,2790,2863,0,Java
1917.0,1917,1408,1782,0,Java
1304.0,1304,1212,1320,0,Java
473.0,473,306,488,0,Java
3120.0,3120,2792,2930,0,Java
2099.0,2099,1874,1878,1,Java
1331.0,1331,1212,1347,0,Java
89.0,89,4,92,0,Java
2662.0,2662,2141,2466,0,Java
741.0,741,312,757,0,Java
2253.0,2253,2001,2036,1,Java
1380.0,1380,1212,1394,0,Java
3081.0,3081,2792,2891,0,Java
145.0,145,109,149,0,Java
,3335,4496,4497,1,C
331.0,331,312,343,0,Java
2203.0,2203,1931,1985,0,Java
752.0,752,306,768,1,Java
2450.0,2450,2219,2254,0,Java
,3205,3221,3222,1,C
,3752,3750,3795,1,C
94.0,94,0,97,0,Java
2831.0,2831,2139,2635,0,Java
3010.0,3010,2792,2820,0,Java
620.0,620,308,636,0,Java
3069.0,3069,2792,2879,0,Java
,4047,4105,4111,1,C
,3977,3885,4040,1,C
341.0,341,306,353,0,Java
660.0,660,322,676,0,Java
2992.0,2992,2792,2801,0,Java
3085.0,3085,2792,2895,0,Java
2484.0,2484,2148,2288,0,Java
,3420,3416,3441,1,C
,3879,3883,3940,1,C
1172.0,1172,1068,1189,1,Java
2726.0,2726,2137,2530,0,Java
2438.0,2438,2193,2242,0,Java
2227.0,2227,2001,2010,1,Java
838.0,838,306,854,1,Java
617.0,617,306,633,0,Java
342.0,342,322,354,0,Java
3193.0,3193,2792,3003,0,Java
1597.0,1597,1408,1423,0,Java
,3748,3750,3791,1,C
3233.0,3233,2792,3043,0,Java
387.0,387,322,401,0,Java
,3336,4498,4499,1,C
,3803,3824,3852,1,C
3212.0,3212,2792,3022,0,Java
2517.0,2517,2143,2321,0,Java
,3333,4492,4493,1,C
,3473,3490,3500,1,C
,3471,3488,3498,1,C
2283.0,2283,2001,2066,1,Java
,3800,3824,3849,1,C
501.0,501,306,516,0,Java
,3114,3116,3117,1,C
1783.0,1783,1408,1706,1,Java
,4164,4660,4661,1,C
,3931,3908,3994,1,C
2612.0,2612,2212,2416,0,Java
776.0,776,306,792,0,Java
,3612,3624,3653,0,C
2503.0,2503,2152,2307,0,Java
3011.0,3011,2790,2821,0,Java
,3232,3244,3250,1,C
,3112,3112,3113,1,C
1725.0,1725,1408,1666,0,Java
2749.0,2749,2193,2553,0,Java
534.0,534,303,550,0,Java
1124.0,1124,1068,1141,1,Java
1592.0,1592,1408,1582,0,Java
867.0,867,306,883,0,Java
1171.0,1171,1068,1188,1,Java
,3759,3750,3802,1,C
,4187,4704,4705,1,C
2528.0,2528,2150,2332,0,Java
767.0,767,312,783,0,Java
668.0,668,306,684,0,Java
,3835,3879,3888,1,C
1955.0,1955,1408,1427,0,Java
408.0,408,322,422,0,Java
1594.0,1594,1408,1584,0,Java
,3378,3397,3398,1,C
2298.0,2298,2001,2081,0,Java
914.0,914,312,930,0,Java
,4060,4105,4124,1,C
935.0,935,306,951,0,Java
1070.0,1070,1068,1087,1,Java
46.0,46,4,48,0,Java
1947.0,1947,1408,1468,1,Java
1910.0,1910,1408,1778,0,Java
881.0,881,306,897,0,Java
,3959,3879,4022,1,C
,3450,3416,3471,1,C
2703.0,2703,2219,2507,0,Java
,3908,3885,3970,1,C
,3719,3750,3762,1,C
679.0,679,306,695,0,Java
2881.0,2881,2669,2688,0,Java
,4122,4620,4621,1,C
1604.0,1604,1408,1588,0,Java
2434.0,2434,2154,2238,0,Java
240.0,240,199,246,0,Java
,3987,3879,4050,1,C
,3860,3919,3920,1,C
2604.0,2604,2196,2408,0,Java
2368.0,2368,2137,2164,0,Java
2671.0,2671,2179,2475,0,Java
,4124,4622,4623,1,C
2108.0,2108,1884,1888,1,Java
2897.0,2897,2669,2704,0,Java
2792.0,2792,2137,2596,0,Java
2697.0,2697,2162,2501,0,Java
2839.0,2839,2196,2643,0,Java
,3349,4524,4525,1,C
2860.0,2860,2659,2666,1,Java
,3801,3830,3850,1,C
1102.0,1102,1068,1119,1,Java
,3702,3617,3744,0,C
1279.0,1279,1212,1297,1,Java
1300.0,1300,1212,1316,0,Java
787.0,787,312,803,0,Java
875.0,875,322,891,0,Java
20.0,20,4,22,0,Java
,3932,3883,3995,1,C
577.0,577,306,593,0,Java
2651.0,2651,2145,2455,0,Java
933.0,933,355,949,0,Java
3247.0,3247,2792,3057,0,Java
581.0,581,308,597,0,Java
3161.0,3161,2792,2971,0,Java
3195.0,3195,2792,3005,0,Java
661.0,661,303,677,0,Java
1508.0,1508,1408,1516,0,Java
,3286,4398,4399,1,C
,3689,3617,3731,1,C
1173.0,1173,1068,1190,1,Java
1413.0,1413,1408,1429,0,Java
1580.0,1580,1408,1573,0,Java
1700.0,1700,1408,1615,0,Java
,3545,3556,3579,0,C
,4103,4606,4607,1,C
1003.0,1003,312,1019,0,Java
,3904,3896,3966,1,C
913.0,913,303,929,0,Java
,3990,3908,4053,1,C
2302.0,2302,2001,2085,0,Java
12.0,12,0,14,0,Java
2447.0,2447,2143,2251,0,Java
1599.0,1599,1408,1467,0,Java
2874.0,2874,2669,2681,0,Java
1361.0,1361,1212,1375,0,Java
1496.0,1496,1408,1505,0,Java
887.0,887,390,903,0,Java
1419.0,1419,1408,1435,0,Java
1969.0,1969,1408,1416,0,Java
2643.0,2643,2179,2447,0,Java
124.0,124,109,128,0,Java
3025.0,3025,2792,2835,0,Java
1157.0,1157,1068,1174,1,Java
,3182,4288,4289,1,C
1584.0,1584,1408,1576,0,Java
,3632,3620,3674,0,C
,3142,3118,3153,1,C
2409.0,2409,2139,2210,0,Java
1684.0,1684,1408,1642,0,Java
,3558,3556,3593,1,C
825.0,825,308,841,0,Java
1063.0,1063,1068,1080,1,Java
2461.0,2461,2160,2265,0,Java
1546.0,1546,1408,1549,0,Java
1905.0,1905,1408,1777,1,Java
2269.0,2269,2001,2052,0,Java
,3218,3221,3235,1,C
,3576,3560,3611,0,C
,3806,3824,3855,1,C
,3609,3617,3650,0,C
,3668,3613,3710,0,C
1060.0,1060,1068,1077,1,Java
2344.0,2344,2001,2127,0,Java
1324.0,1324,1212,1340,0,Java
,3673,3624,3715,0,C
1538.0,1538,1408,1542,0,Java
,3530,3560,3564,1,C
1424.0,1424,1408,1440,0,Java
391.0,391,306,405,0,Java
270.0,270,199,276,0,Java
2693.0,2693,2143,2497,0,Java
1954.0,1954,1408,1801,0,Java
1856.0,1856,1408,1751,0,Java
2112.0,2112,1884,1892,1,Java
3217.0,3217,2792,3027,0,Java
2537.0,2537,2150,2341,0,Java
747.0,747,312,763,1,Java
,3329,4484,4485,1,C
116.0,116,109,120,1,Java
800.0,800,312,816,0,Java
2474.0,2474,2145,2278,0,Java
1711.0,1711,1408,1657,1,Java
535.0,535,306,551,0,Java
1531.0,1531,1408,1536,0,Java
2323.0,2323,2001,2106,1,Java
2011.0,2011,1408,1645,0,Java
1785.0,1785,1408,1707,0,Java
3028.0,3028,2792,2838,0,Java
2057.0,2057,1408,1500,0,Java
3049.0,3049,2790,2859,0,Java
,4085,4150,4155,1,C
332.0,332,306,344,0,Java
2661.0,2661,2148,2465,0,Java
,4139,4638,4639,1,C
2678.0,2678,2202,2482,0,Java
954.0,954,322,970,0,Java
2259.0,2259,2001,2042,0,Java
292.0,292,199,298,0,Java
489.0,489,306,504,1,Java
2826.0,2826,2148,2630,0,Java
921.0,921,312,937,0,Java
,3805,3815,3854,1,C
351.0,351,306,364,0,Java
1453.0,1453,1408,1468,1,Java
1942.0,1942,1408,1796,0,Java
1491.0,1491,1408,1502,1,Java
,3404,3416,3425,1,C
2012.0,2012,1408,1618,0,Java
234.0,234,199,240,0,Java
,3351,4528,4529,1,C
2265.0,2265,2001,2048,0,Java
2264.0,2264,2001,2047,0,Java
2059.0,2059,1408,1854,0,Java
2918.0,2918,2669,2725,0,Java
2417.0,2417,2219,2220,0,Java
2984.0,2984,2792,2793,0,Java
,3502,3492,3531,1,C
1921.0,1921,1408,1786,0,Java
3062.0,3062,2790,2872,1,Java
127.0,127,109,131,1,Java
2945.0,2945,2669,2752,0,Java
,3735,3750,3778,1,C
,3452,3416,3473,1,C
276.0,276,199,282,0,Java
1411.0,1411,1408,1427,0,Java
986.0,986,306,1002,0,Java
3287.0,3287,2790,3097,0,Java
2019.0,2019,1408,1419,0,Java
6.0,6,4,8,0,Java
,3417,3416,3438,1,C
,3392,3397,3412,1,C
26.0,26,0,28,0,Java
2235.0,2235,2001,2018,0,Java
868.0,868,303,884,0,Java
1310.0,1310,1251,1326,0,Java
,3429,3416,3450,1,C
1610.0,1610,1408,1509,0,Java
1305.0,1305,1212,1321,0,Java
2305.0,2305,2001,2088,0,Java
2088.0,2088,1408,1869,0,Java
105.0,105,0,108,0,Java
2939.0,2939,2669,2746,0,Java
3189.0,3189,2792,2999,0,Java
3197.0,3197,2792,3007,0,Java
768.0,768,303,784,0,Java
2248.0,2248,2001,2031,0,Java
196.0,196,199,202,0,Java
722.0,722,306,738,0,Java
2948.0,2948,2669,2755,0,Java
,4017,3912,4080,1,C
1552.0,1552,1408,1554,0,Java
1941.0,1941,1408,1550,1,Java
745.0,745,312,761,0,Java
2142.0,2142,1884,1922,1,Java
,3656,3638,3698,0,C
,3325,4476,4477,1,C
1743.0,1743,1408,1680,0,Java
700.0,700,308,716,0,Java
5.0,5,0,7,0,Java
1275.0,1275,1212,1293,1,Java
842.0,842,306,858,0,Java
1765.0,1765,1408,1694,0,Java
2950.0,2950,2669,2757,0,Java
1693.0,1693,1408,1648,0,Java
796.0,796,306,812,1,Java
1470.0,1470,1408,1484,0,Java
,3740,3750,3783,1,C
1892.0,1892,1408,1550,0,Java
3234.0,3234,2792,3044,0,Java
2366.0,2366,2160,2161,0,Java
2579.0,2579,2143,2383,0,Java
1083.0,1083,1068,1100,1,Java
10.0,10,4,12,1,Java
,3470,3496,3497,1,C
,3395,3397,3415,1,C
1001.0,1001,306,1017,0,Java
2542.0,2542,2162,2346,0,Java
1158.0,1158,1068,1175,1,Java
2459.0,2459,2202,2263,0,Java
804.0,804,322,820,0,Java
,3620,3617,3662,1,C
3000.0,3000,2792,2809,0,Java
641.0,641,308,657,0,Java
,4127,4626,4627,1,C
334.0,334,312,346,0,Java
2106.0,2106,1884,1886,1,Java
,3845,3879,3901,1,C
21.0,21,0,23,0,Java
2535.0,2535,2137,2339,0,Java
2251.0,2251,2001,2034,0,Java
2109.0,2109,1884,1889,1,Java
576.0,576,306,592,0,Java
,3954,3890,4017,1,C
259.0,259,199,265,0,Java
1084.0,1084,1068,1101,1,Java
1821.0,1821,1408,1731,0,Java
1601.0,1601,1408,1538,0,Java
475.0,475,312,490,0,Java
,4046,4105,4110,0,C
,3777,3824,3825,1,C
173.0,173,109,177,0,Java
,3943,3879,4006,1,C
329.0,329,312,341,0,Java
2321.0,2321,2001,2104,0,Java
2136.0,2136,1884,1916,1,Java
152.0,152,109,156,0,Java
3237.0,3237,2792,3047,0,Java
765.0,765,306,781,0,Java
1989.0,1989,1408,1819,0,Java
2037.0,2037,1408,1695,0,Java
2959.0,2959,2669,2766,0,Java
,3272,4370,4371,1,C
1139.0,1139,1068,1156,1,Java
624.0,624,322,640,0,Java
273.0,273,199,279,0,Java
,3685,3620,3727,0,C
3068.0,3068,2790,2878,0,Java
1059.0,1059,1068,1076,1,Java
1635.0,1635,1408,1609,0,Java
2098.0,2098,1874,1877,1,Java
,3707,3613,3749,0,C
2816.0,2816,2232,2620,0,Java
,3524,3554,3555,1,C
633.0,633,303,649,0,Java
3241.0,3241,2792,3051,0,Java
328.0,328,306,340,0,Java
,3590,3629,3630,0,C
367.0,367,310,380,0,Java
1971.0,1971,1408,1808,0,Java
999.0,999,303,1015,0,Java
,4110,4150,4184,1,C
216.0,216,199,222,0,Java
2844.0,2844,2644,2649,1,Java
628.0,628,303,644,0,Java
,3504,3505,3533,1,C
2529.0,2529,2154,2333,0,Java
166.0,166,109,170,1,Java
22.0,22,0,24,0,Java
2282.0,2282,2001,2065,0,Java
2429.0,2429,2232,2233,0,Java
60.0,60,4,62,0,Java
1389.0,1389,1402,1404,1,Java
1299.0,1299,1212,1315,0,Java
3170.0,3170,2792,2980,0,Java
,4115,4139,4190,1,C
,3812,3815,3861,1,C
,3795,3830,3844,1,C
,3768,3750,3811,1,C
1946.0,1946,1408,1414,0,Java
849.0,849,306,865,0,Java
376.0,376,303,389,0,Java
208.0,208,199,214,0,Java
2201.0,2201,1934,1983,0,Java
,3910,3885,3972,1,C
2642.0,2642,2162,2446,0,Java
2652.0,2652,2137,2456,0,Java
,4034,3904,4097,1,C
,3462,3416,3483,1,C
596.0,596,355,612,0,Java
2563.0,2563,2196,2367,0,Java
1337.0,1337,1212,1353,0,Java
2731.0,2731,2168,2535,0,Java
,3437,3416,3458,0,C
1883.0,1883,1408,1414,0,Java
3257.0,3257,2792,3067,0,Java
1620.0,1620,1408,1602,0,Java
,3567,3558,3602,1,C
54.0,54,0,56,1,Java
375.0,375,306,388,0,Java
1744.0,1744,1408,1412,0,Java
3172.0,3172,2790,2982,0,Java
715.0,715,308,731,0,Java
2880.0,2880,2669,2687,0,Java
1498.0,1498,1408,1507,0,Java
1526.0,1526,1408,1531,0,Java
2398.0,2398,2141,2198,0,Java
275.0,275,199,281,1,Java
1807.0,1807,1408,1725,0,Java
2532.0,2532,2219,2336,0,Java
,3127,3114,3134,1,C
2885.0,2885,2669,2692,0,Java
1681.0,1681,1408,1639,0,Java
,3150,3118,3161,1,C
2406.0,2406,2148,2207,0,Java
3071.0,3071,2813,2881,0,Java
794.0,794,312,810,0,Java
1729.0,1729,1408,1670,0,Java
1750.0,1750,1408,1685,0,Java
,3935,3904,3998,1,C
,3775,3813,3821,1,C
119.0,119,109,123,0,Java
1596.0,1596,1408,1585,0,Java
1618.0,1618,1408,1600,0,Java
2921.0,2921,2669,2728,0,Java
975.0,975,306,991,0,Java
2845.0,2845,2644,2650,1,Java
,3219,3221,3236,1,C
2462.0,2462,2232,2266,0,Java
,3680,3638,3722,1,C
943.0,943,355,959,0,Java
1755.0,1755,1408,1588,0,Java
3125.0,3125,2792,2935,0,Java
205.0,205,199,211,0,Java
3137.0,3137,2790,2947,0,Java
1460.0,1460,1408,1475,0,Java
398.0,398,306,412,0,Java
1178.0,1178,1068,1195,1,Java
,3901,3879,3963,1,C
,3663,3617,3705,1,C
,3442,3416,3463,0,C
,4195,4272,4279,1,C
,3671,3624,3713,0,C
1551.0,1551,1408,1553,0,Java
,3605,3617,3646,1,C
645.0,645,322,661,0,Java
1609.0,1609,1408,1592,0,Java
1423.0,1423,1408,1439,0,Java
218.0,218,199,224,1,Java
1317.0,1317,1212,1333,0,Java
,3675,3620,3717,0,C
,3729,3750,3772,1,C
1583.0,1583,1408,1490,0,Java
,3779,3824,3827,1,C
3158.0,3158,2813,2968,0,Java
,3944,3885,4007,1,C
2898.0,2898,2669,2705,0,Java
2328.0,2328,2001,2111,0,Java
,3337,4500,4501,1,C
190.0,190,179,195,1,Java
,3407,3416,3428,0,C
1217.0,1217,1212,1235,0,Java
2853.0,2853,2644,2658,1,Java
1843.0,1843,1408,1744,0,Java
,3600,3613,3641,0,C
344.0,344,306,357,0,Java
1081.0,1081,1068,1098,1,Java
,3998,3881,4061,1,C
,3398,3416,3419,0,C
1544.0,1544,1408,1548,0,Java
,3862,3912,3922,1,C
2920.0,2920,2669,2727,0,Java
551.0,551,312,567,0,Java
2223.0,2223,2001,2006,0,Java
1808.0,1808,1408,1655,0,Java
2699.0,2699,2137,2503,0,Java
2877.0,2877,2669,2684,0,Java
1581.0,1581,1408,1574,0,Java
295.0,295,199,301,0,Java
1381.0,1381,1212,1395,0,Java
1351.0,1351,1212,1366,0,Java
1695.0,1695,1408,1412,0,Java
1850.0,1850,1408,1748,0,Java
485.0,485,355,500,0,Java
2280.0,2280,2001,2063,0,Java
,4058,4105,4122,1,C
1362.0,1362,1212,1376,0,Java
2119.0,2119,1884,1899,1,Java
,3967,3879,4030,1,C
,4167,4666,4667,1,C
370.0,370,306,383,0,Java
2268.0,2268,2001,2051,0,Java
,3249,4324,4325,1,C
,3765,3750,3808,1,C
,4172,4676,4677,1,C
831.0,831,310,847,0,Java
1062.0,1062,1068,1079,1,Java
1363.0,1363,1212,1377,0,Java
1295.0,1295,1251,1311,0,Java
,3528,3556,3562,1,C
3292.0,3292,2792,3102,0,Java
1267.0,1267,1212,1285,0,Java
59.0,59,4,61,0,Java
630.0,630,312,646,0,Java
1802.0,1802,1408,1485,0,Java
2564.0,2564,2196,2368,0,Java
1823.0,1823,1408,1575,0,Java
2127.0,2127,1884,1907,1,Java
863.0,863,306,879,0,Java
,3580,3613,3616,1,C
2616.0,2616,2141,2420,0,Java
1432.0,1432,1408,1448,0,Java
1587.0,1587,1408,1535,0,Java
3087.0,3087,2792,2897,0,Java
2182.0,2182,1934,1964,0,Java
,3231,3244,3249,1,C
,3389,3397,3409,1,C
1347.0,1347,1212,1362,0,Java
79.0,79,4,81,0,Java
964.0,964,303,980,0,Java
2047.0,2047,1408,1455,0,Java
1022.0,1022,312,1038,0,Java
368.0,368,310,381,0,Java
3206.0,3206,2790,3016,0,Java
,4163,4658,4659,1,C
3036.0,3036,2790,2846,0,Java
1542.0,1542,1408,1546,0,Java
,3210,3221,3227,0,C
,3827,3815,3876,1,C
1190.0,1190,1068,1207,1,Java
2401.0,2401,2160,2201,0,Java
2523.0,2523,2137,2327,0,Java
2219.0,2219,2001,2002,0,Java
1343.0,1343,1212,1358,0,Java
238.0,238,199,244,0,Java
1475.0,1475,1408,1450,1,Java
,3854,3912,3913,1,C
,4132,4150,4207,1,C
1512.0,1512,1408,1519,0,Java
,3458,3416,3479,1,C
1501.0,1501,1408,1509,0,Java
2803.0,2803,2137,2607,0,Java
777.0,777,306,793,0,Java
662.0,662,355,678,0,Java
3275.0,3275,2792,3085,0,Java
2527.0,2527,2145,2331,0,Java
2760.0,2760,2154,2564,0,Java
2231.0,2231,2001,2014,0,Java
,3253,4332,4333,1,C
,3553,3554,3588,1,C
265.0,265,199,271,0,Java
878.0,878,306,894,1,Java
333.0,333,312,345,0,Java
946.0,946,312,962,0,Java
,3780,3819,3828,1,C
1572.0,1572,1408,1445,0,Java
2926.0,2926,2669,2733,0,Java
,3694,3629,3736,0,C
1474.0,1474,1408,1488,0,Java
3274.0,3274,2792,3084,0,Java
,3544,3556,3578,1,C
566.0,566,322,582,0,Java
834.0,834,308,850,0,Java
1196.0,1196,1212,1214,0,Java
2175.0,2175,1931,1957,0,Java
,3394,3397,3414,1,C
1679.0,1679,1408,1638,0,Java
1378.0,1378,1212,1392,1,Java
,3118,3122,3123,1,C
936.0,936,306,952,0,Java
1662.0,1662,1408,1627,0,Java
2126.0,2126,1884,1906,1,Java
,3843,3881,3898,1,C
802.0,802,303,818,0,Java
2023.0,2023,1408,1481,0,Java
2254.0,2254,2001,2037,0,Java
,3285,4396,4397,1,C
184.0,184,179,189,1,Java
,4053,4105,4117,1,C
2311.0,2311,2001,2094,0,Java
,3393,3397,3413,1,C
,4071,4105,4135,0,C
2080.0,2080,1408,1867,0,Java
73.0,73,0,75,0,Java
2626.0,2626,2150,2430,0,Java
684.0,684,322,700,0,Java
,3288,4402,4403,1,C
,3961,3933,4024,1,C
,3361,4548,4549,1,C
1086.0,1086,1068,1103,1,Java
34.0,34,4,36,0,Java
,3457,3416,3478,1,C
2654.0,2654,2154,2458,0,Java
,3593,3617,3633,1,C
224.0,224,199,230,0,Java
504.0,504,322,519,0,Java
512.0,512,303,527,0,Java
1602.0,1602,1408,1526,0,Java
,3120,3122,3125,1,C
934.0,934,306,950,0,Java
2422.0,2422,2219,2225,0,Java
198.0,198,199,204,0,Java
1928.0,1928,1408,1790,0,Java
1970.0,1970,1408,1703,0,Java
3155.0,3155,2790,2965,0,Java
62.0,62,4,64,0,Java
3167.0,3167,2790,2977,0,Java
1671.0,1671,1408,1447,0,Java
2050.0,2050,1408,1852,0,Java
1312.0,1312,1212,1328,0,Java
,3731,3750,3774,1,C
3063.0,3063,2792,2873,0,Java
2097.0,2097,1874,1876,1,Java
1655.0,1655,1408,1623,1,Java
2681.0,2681,2137,2485,0,Java
3131.0,3131,2790,2941,0,Java
1388.0,1388,1402,1403,1,Java
,3331,4488,4489,1,C
1824.0,1824,1408,1732,0,Java
675.0,675,303,691,0,Java
,3549,3556,3584,0,C
,3626,3617,3668,1,C
2347.0,2347,2129,2131,1,Java
1899.0,1899,1408,1775,0,Java
,3306,4438,4439,1,C
669.0,669,303,685,0,Java
3187.0,3187,2792,2997,0,Java
,4089,4590,4591,1,C
1114.0,1114,1068,1131,1,Java
1646.0,1646,1408,1456,0,Java
2361.0,2361,2152,2153,0,Java
2560.0,2560,2168,2364,0,Java
613.0,613,312,629,0,Java
549.0,549,306,565,0,Java
2085.0,2085,1408,1710,0,Java
3018.0,3018,2790,2828,0,Java
299.0,299,306,307,0,Java
2910.0,2910,2669,2717,0,Java
,3804,3815,3853,1,C
1652.0,1652,1408,1620,0,Java
1261.0,1261,1212,1279,0,Java
2606.0,2606,2168,2410,0,Java
,3650,3620,3692,0,C
1356.0,1356,1212,1370,0,Java
915.0,915,306,931,0,Java
1455.0,1455,1408,1470,0,Java
795.0,795,306,811,1,Java
1292.0,1292,1212,1308,0,Java
3093.0,3093,2792,2903,0,Java
2374.0,2374,2145,2171,0,Java
2922.0,2922,2669,2729,0,Java
2242.0,2242,2001,2025,0,Java
2908.0,2908,2669,2715,0,Java
2940.0,2940,2669,2747,0,Java
217.0,217,199,223,0,Java
,3431,3416,3452,0,C
1562.0,1562,1408,1559,0,Java
151.0,151,109,155,0,Java
1031.0,1031,306,1047,0,Java
482.0,482,303,497,0,Java
579.0,579,303,595,0,Java
,3633,3629,3675,0,C
1854.0,1854,1408,1718,0,Java
1357.0,1357,1212,1371,1,Java
595.0,595,322,611,0,Java
1866.0,1866,1408,1759,0,Java
3209.0,3209,2792,3019,0,Java
537.0,537,312,553,0,Java
2388.0,2388,2158,2186,0,Java
3064.0,3064,2790,2874,0,Java
1414.0,1414,1408,1430,0,Java
,3771,3815,3816,1,C
3191.0,3191,2792,3001,0,Java
678.0,678,312,694,0,Java
,3180,3175,3195,1,C
,3476,3492,3503,1,C
371.0,371,306,384,0,Java
1781.0,1781,1408,1454,1,Java
2178.0,2178,1934,1960,0,Java
1485.0,1485,1408,1496,0,Java
,3995,3879,4058,1,C
17.0,17,0,19,0,Java
3102.0,3102,2790,2912,0,Java
,3374,4574,4575,1,C
1404.0,1404,1408,1420,0,Java
1517.0,1517,1408,1524,0,Java
,3721,3750,3764,1,C
,3915,3879,3978,1,C
,3975,3896,4038,1,C
629.0,629,306,645,0,Java
2619.0,2619,2202,2423,0,Java
,3709,3750,3752,1,C
2137.0,2137,1884,1917,1,Java
2865.0,2865,2669,2672,0,Java
3065.0,3065,2792,2875,0,Java
3151.0,3151,2792,2961,0,Java
2204.0,2204,1934,1986,0,Java
1021.0,1021,306,1037,0,Java
983.0,983,303,999,1,Java
2721.0,2721,2145,2525,0,Java
,3569,3556,3604,1,C
689.0,689,303,705,1,Java
1940.0,1940,1408,1795,0,Java
389.0,389,303,403,1,Java
1859.0,1859,1408,1753,0,Java
2882.0,2882,2669,2689,0,Java
2709.0,2709,2202,2513,0,Java
1269.0,1269,1212,1287,0,Java
39.0,39,0,41,0,Java
664.0,664,306,680,0,Java
2335.0,2335,2001,2118,0,Java
3050.0,3050,2790,2860,0,Java
11.0,11,0,13,0,Java
2814.0,2814,2141,2618,0,Java
609.0,609,312,625,1,Java
1112.0,1112,1068,1129,1,Java
1314.0,1314,1212,1330,0,Java
2152.0,2152,1931,1933,1,Java
,3584,3617,3622,0,C
464.0,464,308,479,0,Java
879.0,879,303,895,0,Java
1536.0,1536,1408,1525,0,Java
1260.0,1260,1212,1278,0,Java
1403.0,1403,1408,1419,0,Java
1016.0,1016,312,1032,0,Java
1965.0,1965,1408,1805,0,Java
839.0,839,312,855,0,Java
2583.0,2583,2152,2387,1,Java
2412.0,2412,2150,2214,0,Java
2292.0,2292,2001,2075,1,Java
2594.0,2594,2150,2398,0,Java
1571.0,1571,1408,1459,0,Java
1145.0,1145,1068,1162,1,Java
2850.0,2850,2644,2655,1,Java
300.0,300,308,309,0,Java
,4184,4698,4699,1,C
,3599,3629,3640,0,C
2873.0,2873,2669,2680,0,Java
,3149,3128,3160,1,C
,3991,3879,4054,1,C
650.0,650,425,666,0,Java
837.0,837,312,853,0,Java
3221.0,3221,2813,3031,0,Java
979.0,979,312,995,0,Java
600.0,600,355,616,0,Java
2257.0,2257,2001,2040,0,Java
1105.0,1105,1068,1122,1,Java
3150.0,3150,2790,2960,0,Java
2372.0,2372,2168,2169,0,Java
2408.0,2408,2141,2209,0,Java
,3996,3919,4059,1,C
3079.0,3079,2792,2889,1,Java
1438.0,1438,1408,1454,1,Java
940.0,940,312,956,0,Java
,3166,3175,3181,1,C
2556.0,2556,2141,2360,0,Java
1076.0,1076,1068,1093,1,Java
1278.0,1278,1212,1296,0,Java
1876.0,1876,1408,1417,0,Java
1375.0,1375,1212,1389,0,Java
289.0,289,199,295,0,Java
3284.0,3284,2792,3094,0,Java
3132.0,3132,2792,2942,0,Java
2954.0,2954,2669,2761,0,Java
13.0,13,0,15,0,Java
961.0,961,312,977,0,Java
2330.0,2330,2001,2113,0,Java
3248.0,3248,2790,3058,0,Java
2911.0,2911,2669,2718,0,Java
,4045,4105,4109,0,C
,3842,3896,3897,1,C
249.0,249,199,255,0,Java
2836.0,2836,2141,2640,0,Java
1446.0,1446,1408,1461,0,Java
,4010,3879,4073,1,C
442.0,442,306,457,0,Java
1180.0,1180,1068,1197,1,Java
1099.0,1099,1068,1116,1,Java
,3449,3416,3470,0,C
364.0,364,308,377,0,Java
1041.0,1041,312,1057,0,Java
1398.0,1398,1408,1414,0,Java
2524.0,2524,2150,2328,0,Java
1146.0,1146,1068,1163,1,Java
319.0,319,303,331,1,Java
959.0,959,306,975,0,Java
1995.0,1995,1408,1822,0,Java
,3129,3136,3137,1,C
665.0,665,308,681,0,Java
2135.0,2135,1884,1915,1,Java
,3367,4560,4561,1,C
,4068,4105,4132,1,C
3290.0,3290,2792,3100,0,Java
2399.0,2399,2196,2199,0,Java
616.0,616,303,632,0,Java
185.0,185,179,190,1,Java
2645.0,2645,2145,2449,0,Java
2981.0,2981,2669,2788,0,Java
,3909,3904,3971,1,C
3019.0,3019,2792,2829,0,Java
335.0,335,322,347,0,Java
1265.0,1265,1212,1283,0,Java
3008.0,3008,2813,2818,1,Java
1044.0,1044,312,1060,0,Java
,3360,4546,4547,1,C
324.0,324,303,336,0,Java
1945.0,1945,1408,1798,0,Java
2074.0,2074,1408,1863,0,Java
2962.0,2962,2669,2769,0,Java
1156.0,1156,1068,1173,1,Java
1052.0,1052,1068,1069,1,Java
41.0,41,4,43,0,Java
3174.0,3174,2790,2984,0,Java
,4065,4105,4129,1,C
2193.0,2193,1931,1975,0,Java
,3318,4462,4463,1,C
,4120,4141,4195,1,C
1039.0,1039,308,1055,0,Java
1207.0,1207,1212,1225,0,Java
895.0,895,312,911,0,Java
,4048,4105,4112,0,C
2083.0,2083,1408,1558,0,Java
832.0,832,312,848,0,Java
836.0,836,306,852,0,Java
,3287,4400,4401,1,C
1573.0,1573,1408,1569,0,Java
704.0,704,303,720,0,Java
1650.0,1650,1408,1618,0,Java
,3406,3416,3427,1,C
2538.0,2538,2154,2342,0,Java
,3510,3492,3539,1,C
2294.0,2294,2001,2077,1,Java
627.0,627,308,643,0,Java
1479.0,1479,1408,1454,0,Java
2062.0,2062,1408,1818,0,Java
2056.0,2056,1408,1654,0,Java
2896.0,2896,2669,2703,0,Java
524.0,524,322,539,1,Java
636.0,636,306,652,0,Java
1964.0,1964,1408,1804,0,Java
487.0,487,306,502,0,Java
,3744,3750,3787,1,C
883.0,883,303,899,0,Java
1845.0,1845,1408,1533,0,Java
1878.0,1878,1408,1479,0,Java
2936.0,2936,2669,2743,1,Java
1877.0,1877,1408,1764,0,Java
144.0,144,109,148,1,Java
574.0,574,306,590,0,Java
1574.0,1574,1408,1551,0,Java
352.0,352,306,365,0,Java
3258.0,3258,2790,3068,0,Java
,3912,3904,3974,1,C
,3240,4306,4307,1,C
1349.0,1349,1212,1364,0,Java
2357.0,2357,2145,2146,0,Java
,3126,3118,3133,1,C
1005.0,1005,355,1021,0,Java
261.0,261,199,267,0,Java
2038.0,2038,1408,1489,1,Java
2448.0,2448,2145,2252,0,Java
,3460,3416,3481,1,C
430.0,430,312,445,0,Java
3118.0,3118,2792,2928,0,Java
1539.0,1539,1408,1543,0,Java
1449.0,1449,1408,1464,0,Java
,3962,3904,4025,1,C
3163.0,3163,2813,2973,0,Java
2319.0,2319,2001,2102,0,Java
2041.0,2041,1408,1847,0,Java
1107.0,1107,1068,1124,1,Java
157.0,157,109,161,0,Java
1820.0,1820,1408,1730,1,Java
88.0,88,0,91,0,Java
573.0,573,306,589,0,Java
,3730,3750,3773,1,C
2179.0,2179,1931,1961,0,Java
2569.0,2569,2193,2373,0,Java
,4118,4616,4617,1,C
2022.0,2022,1408,1457,0,Java
469.0,469,303,484,0,Java
340.0,340,312,352,0,Java
1067.0,1067,1068,1084,1,Java
467.0,467,308,482,0,Java
2796.0,2796,2160,2600,0,Java
1948.0,1948,1408,1756,0,Java
1685.0,1685,1408,1643,1,Java
2228.0,2228,2001,2011,1,Java
1049.0,1049,312,1065,0,Java
,4155,4147,4230,1,C
2362.0,2362,2154,2155,0,Java
,3630,3617,3672,0,C
721.0,721,312,737,0,Java
2824.0,2824,2219,2628,0,Java
860.0,860,355,876,0,Java
396.0,396,306,410,0,Java
1155.0,1155,1068,1172,1,Java
2660.0,2660,2152,2464,0,Java
,3312,4450,4451,1,C
1025.0,1025,306,1041,0,Java
3073.0,3073,2792,2883,0,Java
310.0,310,306,321,0,Java
,3339,4504,4505,1,C
3282.0,3282,2792,3092,0,Java
,3551,3558,3586,1,C
1238.0,1238,1212,1257,0,Java
3003.0,3003,2792,2812,0,Java
,3546,3580,3581,1,C
,3369,4564,4565,1,C
555.0,555,303,571,0,Java
2287.0,2287,2001,2070,0,Java
3146.0,3146,2792,2956,0,Java
80.0,80,0,82,1,Java
2856.0,2856,2659,2662,1,Java
,3986,3879,4049,1,C
2655.0,2655,2196,2459,0,Java
,3187,3175,3202,1,C
3210.0,3210,2792,3020,0,Java
,3972,3896,4035,1,C
818.0,818,322,834,0,Java
1924.0,1924,1408,1693,0,Java
,4042,4105,4106,1,C
2725.0,2725,2154,2529,0,Java
2774.0,2774,2162,2578,0,Java
835.0,835,303,851,0,Java
1226.0,1226,1212,1244,1,Java
438.0,438,312,453,0,Java
,3533,3556,3567,0,C
550.0,550,306,566,0,Java
2139.0,2139,1884,1919,1,Java
,4079,4147,4148,1,C
,3321,4468,4469,1,C
1220.0,1220,1212,1238,0,Java
1832.0,1832,1408,1477,0,Java
683.0,683,355,699,1,Java
,3597,3617,3637,0,C
,3469,3494,3495,1,C
,3158,3118,3170,1,C
356.0,356,308,369,0,Java
304.0,304,306,315,1,Java
,3523,3543,3553,1,C
2960.0,2960,2669,2767,0,Java
3188.0,3188,2792,2998,0,Java
702.0,702,303,718,0,Java
646.0,646,312,662,0,Java
1415.0,1415,1408,1431,0,Java
2953.0,2953,2669,2760,0,Java
,4129,4628,4629,1,C
583.0,583,306,599,0,Java
156.0,156,109,160,0,Java
2684.0,2684,2168,2488,0,Java
,3882,3879,3943,1,C
2241.0,2241,2001,2024,1,Java
3201.0,3201,2792,3011,0,Java
,3840,3885,3894,1,C
1476.0,1476,1408,1489,1,Java
1689.0,1689,1408,1645,0,Java
2025.0,2025,1408,1841,0,Java
1710.0,1710,1408,1604,0,Java
167.0,167,109,171,0,Java
1794.0,1794,1408,1716,0,Java
,4111,4610,4611,1,C
,4119,4618,4619,1,C
2240.0,2240,2001,2023,0,Java
,4123,4147,4198,1,C
,4158,4648,4649,1,C
,3861,3908,3921,1,C
,3999,3904,4062,1,C
,3397,3416,3418,1,C
2466.0,2466,2168,2270,0,Java
,3769,3750,3812,0,C
,3844,3899,3900,1,C
2107.0,2107,1884,1887,1,Java
533.0,533,312,549,0,Java
2789.0,2789,2143,2593,0,Java
,3281,4388,4389,1,C
973.0,973,306,989,0,Java
2485.0,2485,2168,2289,0,Java
503.0,503,306,518,0,Java
1166.0,1166,1068,1183,1,Java
2914.0,2914,2669,2721,0,Java
,3816,3815,3865,1,C
1204.0,1204,1212,1222,0,Java
,3176,3175,3191,0,C
53.0,53,4,55,0,Java
2475.0,2475,2179,2279,0,Java
63.0,63,0,65,1,Java
1864.0,1864,1408,1757,0,Java
786.0,786,312,802,0,Java
7.0,7,4,9,0,Java
1645.0,1645,1408,1615,0,Java
2891.0,2891,2669,2698,0,Java
1352.0,1352,1212,1367,0,Java
1040.0,1040,306,1056,0,Java
1400.0,1400,1408,1416,0,Java
,3512,3490,3541,1,C
1290.0,1290,1212,1306,0,Java
1042.0,1042,312,1058,0,Java
2315.0,2315,2001,2098,0,Java
,3985,3879,4048,1,C
,3165,4284,4285,1,C
2761.0,2761,2168,2565,0,Java
191.0,191,179,196,1,Java
,3376,4578,4579,1,C
755.0,755,310,771,0,Java
,4076,4584,4585,1,C
,3555,3558,3590,1,C
2785.0,2785,2162,2589,0,Java
751.0,751,312,767,0,Java
3098.0,3098,2792,2908,1,Java
1836.0,1836,1408,1490,0,Java
,3712,3750,3755,1,C
,3578,3613,3614,1,C
48.0,48,0,50,0,Java
45.0,45,4,47,1,Java
652.0,652,322,668,0,Java
2320.0,2320,2001,2103,0,Java
3192.0,3192,2792,3002,0,Java
1754.0,1754,1408,1687,0,Java
2716.0,2716,2179,2520,0,Java
,3399,3416,3420,1,C
,3984,3879,4047,1,C
